fixture,chunk_size,contracts,full_code_bytes,covered_bytes,chunk_payload_bytes,touched_chunks,total_chunks
fibonacci-calldata,31,1,36,36,64,2,2
fibonacci-calldata,63,1,36,36,64,1,1
fibonacci-calldata,127,1,36,36,128,1,1
fibonacci-calldata,255,1,36,36,256,1,1
weth,31,1,3124,837,864,27,101
weth,63,1,3124,1134,1152,18,50
weth,127,1,3124,1397,1408,11,25
weth,255,1,3124,1785,1792,7,13
erc20_transfer,31,1,3446,1054,1088,34,112
erc20_transfer,63,1,3446,1575,1600,25,55
erc20_transfer,127,1,3446,2286,2304,18,28
erc20_transfer,255,1,3446,3191,3328,13,14
usdc_proxy,31,1,2186,434,448,14,71
usdc_proxy,63,1,2186,567,576,9,35
usdc_proxy,127,1,2186,889,896,7,18
usdc_proxy,255,1,2186,1530,1536,6,9
fiat_token,31,1,23464,248,256,8,757
fiat_token,63,1,23464,378,384,6,373
fiat_token,127,1,23464,762,768,6,185
fiat_token,255,1,23464,1275,1280,5,93
uniswap_v2_pair,31,1,11293,372,384,12,365
uniswap_v2_pair,63,1,11293,567,576,9,180
uniswap_v2_pair,127,1,11293,1016,1024,8,89
uniswap_v2_pair,255,1,11293,1275,1280,5,45
univ2_router,31,1,21943,713,736,23,708
univ2_router,63,1,21943,1134,1152,18,349
univ2_router,127,1,21943,1651,1664,13,173
univ2_router,255,1,21943,2040,2048,8,87
seaport,31,1,24367,279,288,9,787
seaport,63,1,24367,378,384,6,387
seaport,127,1,24367,508,512,4,192
seaport,255,1,24367,765,768,3,96
