block,chunk_size,transactions,successful,contracts,full_code_bytes,covered_bytes,chunk_payload_bytes,touched_chunks,total_chunks,tx_sum_full_bytes,tx_sum_payload_bytes
25347446,12288,360,353,320,3193360,3143987,3143987,421,429,6934182,6875898
25347447,12288,151,150,57,409182,409182,409182,67,67,1642180,1642180
25347448,12288,171,169,94,1058640,1038932,1038932,129,131,2654815,2604725
25347449,12288,188,185,215,2205669,2136530,2136530,277,285,4552304,4441492
25347450,12288,385,378,633,6205713,6165371,6165371,820,837,15124629,15049587
25347451,12288,302,293,413,4186168,4153853,4153853,552,558,9984803,9908360
25347452,12288,185,180,272,2618754,2568655,2568655,356,366,5538115,5486400
25347453,12288,184,181,345,3346785,3254881,3254881,442,456,7072733,6930161
25347454,12288,125,125,234,2332044,2272126,2272126,301,313,4383197,4308027
25347455,12288,228,223,460,4399495,4350427,4350427,598,611,8781229,8703304
